{
  "feature_columns": [
    "skill_python",
    "skill_java",
    "skill_javascript",
    "skill_c++",
    "skill_c#",
    "skill_go",
    "skill_ruby",
    "skill_php",
    "skill_swift",
    "skill_kotlin",
    "skill_typescript",
    "skill_scala",
    "skill_r",
    "skill_rust",
    "skill_html",
    "skill_css",
    "skill_react",
    "skill_angular",
    "skill_vue",
    "skill_nodejs",
    "skill_django",
    "skill_flask",
    "skill_fastapi",
    "skill_express",
    "skill_spring",
    "skill_aspnet",
    "skill_sql",
    "skill_mysql",
    "skill_postgresql",
    "skill_mongodb",
    "skill_redis",
    "skill_cassandra",
    "skill_oracle",
    "skill_sqlite",
    "skill_dynamodb",
    "skill_elasticsearch",
    "skill_machine_learning",
    "skill_deep_learning",
    "skill_tensorflow",
    "skill_pytorch",
    "skill_scikit-learn",
    "skill_keras",
    "skill_pandas",
    "skill_numpy",
    "skill_data_analysis",
    "skill_statistics",
    "skill_data_visualization",
    "skill_aws",
    "skill_azure",
    "skill_gcp",
    "skill_docker",
    "skill_kubernetes",
    "skill_jenkins",
    "skill_terraform",
    "skill_ansible",
    "skill_ci_cd",
    "skill_git",
    "skill_linux",
    "skill_rest_api",
    "skill_graphql",
    "skill_microservices",
    "skill_agile",
    "skill_scrum",
    "skill_testing",
    "skill_system_design",
    "skill_algorithms",
    "skill_data_structures",
    "experience_level",
    "num_positions",
    "education_level",
    "is_backend_profile",
    "is_frontend_profile",
    "is_fullstack_profile",
    "is_data_science_profile",
    "is_ml_engineer_profile",
    "is_ai_engineer_profile",
    "is_devops_profile",
    "is_data_engineer_profile",
    "is_security_profile",
    "num_programming_languages",
    "num_web_technologies",
    "num_ml_tools",
    "num_cloud_platforms",
    "num_databases",
    "total_skills_count",
    "expert_skills_count",
    "advanced_skills_count",
    "avg_skill_proficiency",
    "max_skill_proficiency",
    "breadth_vs_depth",
    "experience_education_score",
    "is_senior_profile",
    "is_entry_level",
    "web_dev_score",
    "data_science_score",
    "devops_score"
  ],
  "n_features": 96,
  "classes": [
    "AI Engineer",
    "Backend Developer",
    "Cybersecurity Engineer",
    "Data Engineer",
    "Data Scientist",
    "DevOps/Cloud Engineer",
    "Frontend Developer",
    "Full Stack Developer",
    "Machine Learning Engineer"
  ],
  "model_type": "VotingEnsemble_ImprovedFeatures",
  "base_models": [
    "RandomForestClassifier",
    "GradientBoostingClassifier"
  ],
  "accuracy": "85.90%",
  "improvements": [
    "Role-specific indicators",
    "Skill aggregations",
    "Domain expertise scores",
    "Experience combinations"
  ]
}